﻿Asset,Column2,Price
Furious3D Tempered Glass Guard for Mi Redmi 5,/furious3d-tempered-glass-guard-mi-redmi-5/p/itmf77fycg6k6bgg?pid=ACCF77E5UFTQFGS7&srno=s_10_217&otracker=search&otracker1=search&lid=LSTACCF77E5UFTQFGS7ZAK17T&fm=SEARCH&iid=48728208-62cc-4762-a902-01e1891ca5a0.ACCF77E5UFTQFGS7.SEARCH&ppt=sp&ppn=sp&qH=9b6bf0057c19bd94,₹210
Unistuff Edge To Edge Tempered Glass for Mi Redmi Note 5,/unistuff-edge-tempered-glass-mi-redmi-note-5/p/itmf2hz4pmszmhy7?pid=ACCF2HGMPWZV5MRX&srno=s_10_218&otracker=search&otracker1=search&lid=LSTACCF2HGMPWZV5MRXNXNMPT&fm=SEARCH&iid=ebd5952c-f46e-4e1d-8b67-906445ff4886.ACCF2HGMPWZV5MRX.SEARCH&ppt=sp&ppn=sp&qH=9b6bf0057c19bd94,₹258
BigChoice Tempered Glass Guard for Mi Redmi Note 4,/bigchoice-tempered-glass-guard-mi-redmi-note-4/p/itmeq8byg6wygtgu?pid=ACCEQ8AUDHAFXHZK&srno=s_10_219&otracker=search&otracker1=search&lid=LSTACCEQ8AUDHAFXHZKBETB7T&fm=SEARCH&iid=43017515-d378-4b04-9807-63db41c2bf42.ACCEQ8AUDHAFXHZK.SEARCH&ppt=sp&ppn=sp&qH=9b6bf0057c19bd94,₹169
Boxxo Tempered Glass Guard for Mi Redmi Note 4,/boxxo-tempered-glass-guard-mi-redmi-note-4/p/itmewkcu3euep7sd?pid=ACCEWKCUHTHDRGKJ&srno=s_10_220&otracker=search&otracker1=search&lid=LSTACCEWKCUHTHDRGKJTIOQSC&fm=SEARCH&iid=ad96c824-4f89-4160-8bc0-c3756737d1a4.ACCEWKCUHTHDRGKJ.SEARCH&ppt=sp&ppn=sp&qH=9b6bf0057c19bd94,₹239
Unistuff Tempered Glass Guard for Mi Redmi Note 5,/unistuff-tempered-glass-guard-mi-redmi-note-5/p/itmf2xt7gughyxah?pid=ACCF2WYZHD5YZHCP&srno=s_10_221&otracker=search&otracker1=search&lid=LSTACCF2WYZHD5YZHCPILSTIY&fm=SEARCH&iid=1d77af51-4c0f-427f-a10f-439887a58bc1.ACCF2WYZHD5YZHCP.SEARCH&ppt=sp&ppn=sp&qH=9b6bf0057c19bd94,₹258
Digimart Tempered Glass Guard for Mi Redmi 4A,/digimart-tempered-glass-guard-mi-redmi-4a/p/itmf2a45pzfuxajd?pid=ACCF29Q5BCFFGXKP&srno=s_10_222&otracker=search&otracker1=search&lid=LSTACCF29Q5BCFFGXKPZAMPBC&fm=SEARCH&iid=4ee61ac0-5a4e-4156-9fec-3740be176aa2.ACCF29Q5BCFFGXKP.SEARCH&ppt=sp&ppn=sp&qH=9b6bf0057c19bd94,₹199
Digimart Tempered Glass Guard for Mi Redmi Note 5,/digimart-tempered-glass-guard-mi-redmi-note-5/p/itmf2a45wdxkttwn?pid=ACCF29Q5D8GRDTFV&srno=s_10_223&otracker=search&otracker1=search&lid=LSTACCF29Q5D8GRDTFVU0QJXX&fm=SEARCH&iid=62237baa-bff8-4b6e-995f-3a33e42d9479.ACCF29Q5D8GRDTFV.SEARCH&ppt=sp&ppn=sp&qH=9b6bf0057c19bd94,₹199
"MudShi Edge To Edge Tempered Glass for Mi Redmi 5A, Mi Redmi Go",/mudshi-edge-tempered-glass-mi-redmi-5a-go/p/itmf3zr54yzzsxyx?pid=ACCF27ETNJMBHHGX&srno=s_10_224&otracker=search&otracker1=search&lid=LSTACCF27ETNJMBHHGXAHUXYD&fm=SEARCH&iid=b10d5bac-4f57-4cca-a549-3602314bee4d.ACCF27ETNJMBHHGX.SEARCH&ppt=sp&ppn=sp&qH=9b6bf0057c19bd94,₹250
Power Tempered Glass Guard for Mi Redmi Y1 Lite,/power-tempered-glass-guard-mi-redmi-y1-lite/p/itmf2gbexpgxfv7r?pid=ACCF2GAFDPSFEDSH&srno=s_10_225&otracker=search&otracker1=search&lid=LSTACCF2GAFDPSFEDSHTT6NPX&fm=SEARCH&iid=460e9055-e43d-4c7b-8adc-8d93e490ebe5.ACCF2GAFDPSFEDSH.SEARCH&ppt=sp&ppn=sp&qH=9b6bf0057c19bd94,₹179
Power Tempered Glass Guard for Mi Redmi Note 5,/power-tempered-glass-guard-mi-redmi-note-5/p/itmf2kktp6f93h6g?pid=ACCF2KH62CDQANKQ&srno=s_10_226&otracker=search&otracker1=search&lid=LSTACCF2KH62CDQANKQ242FG9&fm=SEARCH&iid=70ca6381-2fb7-4934-ac21-6d70d2c6fdb7.ACCF2KH62CDQANKQ.SEARCH&ppt=sp&ppn=sp&qH=9b6bf0057c19bd94,₹179
Gorilla guard Impossible Screen Guard for Mi Redmi 3S,/gorilla-guard-impossible-screen-mi-redmi-3s/p/itmffrw5zhwjdznz?pid=ACCFFRW5H6EZFZTV&srno=s_10_227&otracker=search&otracker1=search&lid=LSTACCFFRW5H6EZFZTVZWQTYS&fm=SEARCH&iid=e485b853-9720-4026-9236-59ef9638e10d.ACCFFRW5H6EZFZTV.SEARCH&ppt=sp&ppn=sp&qH=9b6bf0057c19bd94,₹199
Efficia Tempered Glass Guard for Mi Redmi Note 4,/efficia-tempered-glass-guard-mi-redmi-note-4/p/itmewkcuykhg5muf?pid=ACCEWKCUZ4JTXJUZ&srno=s_10_228&otracker=search&otracker1=search&lid=LSTACCEWKCUZ4JTXJUZ8ATVED&fm=SEARCH&iid=b1cf3c3a-f0da-4a84-a5d6-0977aa8113ec.ACCEWKCUZ4JTXJUZ.SEARCH&ppt=sp&ppn=sp&qH=9b6bf0057c19bd94,₹239
eCase Tempered Glass Guard for Mi Redmi 6A,/ecase-tempered-glass-guard-mi-redmi-6a/p/itmfd78zh2e5hzfw?pid=ACCFD5RJBZZ2TFDH&srno=s_10_229&otracker=search&otracker1=search&lid=LSTACCFD5RJBZZ2TFDH55KRFH&fm=SEARCH&iid=72aa7e9d-7250-45d8-bfca-d11f6387b0ff.ACCFD5RJBZZ2TFDH.SEARCH&ppt=sp&ppn=sp&qH=9b6bf0057c19bd94,₹149
Power Tempered Glass Guard for Mi Redmi Note 5,/power-tempered-glass-guard-mi-redmi-note-5/p/itmf2jghyfjapqjh?pid=ACCF2JEVWGNNFYBX&srno=s_10_230&otracker=search&otracker1=search&lid=LSTACCF2JEVWGNNFYBXWRXDX2&fm=SEARCH&iid=7a6deaec-5bea-48c8-ab84-01ae2d6ed66e.ACCF2JEVWGNNFYBX.SEARCH&ppt=sp&ppn=sp&qH=9b6bf0057c19bd94,₹179
Power Tempered Glass Guard for Mi Redmi Y1,/power-tempered-glass-guard-mi-redmi-y1/p/itmffnmfj9nvfrgp?pid=ACCFFNJSCFUUXAAZ&srno=s_10_231&otracker=search&otracker1=search&lid=LSTACCFFNJSCFUUXAAZBF73DR&fm=SEARCH&iid=1f5ef4b8-6062-4c08-a810-95043596b27c.ACCFFNJSCFUUXAAZ.SEARCH&ppt=sp&ppn=sp&qH=9b6bf0057c19bd94,₹179
Power Tempered Glass Guard for Mi Redmi Note 5,/power-tempered-glass-guard-mi-redmi-note-5/p/itmf2jgduc27rquy?pid=ACCF2JG9KEVHGWSH&srno=s_10_232&otracker=search&otracker1=search&lid=LSTACCF2JG9KEVHGWSHFENRTY&fm=SEARCH&iid=8526eb68-ed8b-4269-b1e2-04c5b3c05a60.ACCF2JG9KEVHGWSH.SEARCH&ppt=sp&ppn=sp&qH=9b6bf0057c19bd94,₹179
Glasgow Tempered Glass Guard for Mi Redmi Note 4,/glasgow-tempered-glass-guard-mi-redmi-note-4/p/itmewkcuzsuhh84v?pid=ACCEWKCUQGHE8YKB&srno=s_10_233&otracker=search&otracker1=search&lid=LSTACCEWKCUQGHE8YKB4QOTNG&fm=SEARCH&iid=9bcababf-8662-4f6b-a08d-33ff8738b2fd.ACCEWKCUQGHE8YKB.SEARCH&ppt=sp&ppn=sp&qH=9b6bf0057c19bd94,₹239
Unistuff Tempered Glass Guard for Mi Redmi Note 5,/unistuff-tempered-glass-guard-mi-redmi-note-5/p/itmf2hzdqk7yuquc?pid=ACCF2HGK2YRKXRFC&srno=s_10_234&otracker=search&otracker1=search&lid=LSTACCF2HGK2YRKXRFC7HLPUN&fm=SEARCH&iid=736a3825-61cf-44a6-8206-a9186fe69b40.ACCF2HGK2YRKXRFC.SEARCH&ppt=sp&ppn=sp&qH=9b6bf0057c19bd94,₹258
Aspir Tempered Glass Guard for Mi Redmi Note 4,/aspir-tempered-glass-guard-mi-redmi-note-4/p/itmenmh92hzhzhfu?pid=ACCENMH9HHH4WNZD&srno=s_10_235&otracker=search&otracker1=search&lid=LSTACCENMH9HHH4WNZDTXCMOF&fm=SEARCH&iid=3e4de3ca-fdd9-4846-865f-41d7ffcf34bd.ACCENMH9HHH4WNZD.SEARCH&ppt=sp&ppn=sp&qH=9b6bf0057c19bd94,₹197
eCase Tempered Glass Guard for Mi Redmi 5,/ecase-tempered-glass-guard-mi-redmi-5/p/itmfd78zezzp5gej?pid=ACCFD5RKQAKPJMSZ&srno=s_10_236&otracker=search&otracker1=search&lid=LSTACCFD5RKQAKPJMSZA30QQQ&fm=SEARCH&iid=bc4f5972-b739-4edf-80e2-2ce25cbda0b5.ACCFD5RKQAKPJMSZ.SEARCH&ppt=sp&ppn=sp&qH=9b6bf0057c19bd94,₹149
Glasgow Tempered Glass Guard for Mi Redmi Note 4,/glasgow-tempered-glass-guard-mi-redmi-note-4/p/itmewkcuzukpjxqy?pid=ACCEWKCUXPQCZVRG&srno=s_10_237&otracker=search&otracker1=search&lid=LSTACCEWKCUXPQCZVRGOFGIEJ&fm=SEARCH&iid=91522045-4f8d-4d49-b16b-2a7300562dfe.ACCEWKCUXPQCZVRG.SEARCH&ppt=sp&ppn=sp&qH=9b6bf0057c19bd94,₹239
Glasgow Tempered Glass Guard for Mi Redmi Note 4,/glasgow-tempered-glass-guard-mi-redmi-note-4/p/itmewkcvesrzuhcj?pid=ACCEWKCV5NZHZ9GY&srno=s_10_238&otracker=search&otracker1=search&lid=LSTACCEWKCV5NZHZ9GYU7WU3K&fm=SEARCH&iid=db7da706-b46e-4a59-8f28-0905bc80e98d.ACCEWKCV5NZHZ9GY.SEARCH&ppt=sp&ppn=sp&qH=9b6bf0057c19bd94,₹239
Glasgow Tempered Glass Guard for Mi Redmi Note 4,/glasgow-tempered-glass-guard-mi-redmi-note-4/p/itmewkcuvjebuggm?pid=ACCEWKCUWGCAEBYG&srno=s_10_239&otracker=search&otracker1=search&lid=LSTACCEWKCUWGCAEBYGHQMPKO&fm=SEARCH&iid=f56dc8e9-719e-4ecb-947e-2689ea78485b.ACCEWKCUWGCAEBYG.SEARCH&ppt=sp&ppn=sp&qH=9b6bf0057c19bd94,₹239
Aspir Tempered Glass Guard for Mi Redmi 4,/aspir-tempered-glass-guard-mi-redmi-4/p/itmenmhbhksc5vm5?pid=ACCENMHBZMRUHCBT&srno=s_10_240&otracker=search&otracker1=search&lid=LSTACCENMHBZMRUHCBTK9WW44&fm=SEARCH&iid=9b530a30-7927-4c0d-99ba-057a0ff9fda4.ACCENMHBZMRUHCBT.SEARCH&ppt=sp&ppn=sp&qH=9b6bf0057c19bd94,₹197
Flipkart SmartBuy Tempered Glass Guard for Mi Redmi Note 5,/flipkart-smartbuy-tempered-glass-guard-mi-redmi-note-5/p/itmffxhhu2hyg33s?pid=ACCFFXC8QQHAGHVU&srno=s_13_289&otracker=search&otracker1=search&lid=LSTACCFFXC8QQHAGHVUEO684B&fm=SEARCH&iid=265560dd-f6be-49c4-84f6-feaeaf8d2f5e.ACCFFXC8QQHAGHVU.SEARCH&ppt=sp&ppn=sp&qH=9b6bf0057c19bd94,₹235
Furious3D Tempered Glass Guard for Mi Redmi Note 5,/furious3d-tempered-glass-guard-mi-redmi-note-5/p/itmf77fwrrm3gftz?pid=ACCF77E5NQZB7NXY&srno=s_13_290&otracker=search&otracker1=search&lid=LSTACCF77E5NQZB7NXY5PL2T4&fm=SEARCH&iid=bdf824ec-fea3-4c49-9026-2e5f7ffd7ce3.ACCF77E5NQZB7NXY.SEARCH&ppt=sp&ppn=sp&qH=9b6bf0057c19bd94,₹210
Buynow Tempered Glass Guard for Mi Redmi 3S,/buynow-tempered-glass-guard-mi-redmi-3s/p/itmeqzyfkhsu7fwt?pid=ACCEQZYFUNPFR3UJ&srno=s_13_291&otracker=search&otracker1=search&lid=LSTACCEQZYFUNPFR3UJBQTWCA&fm=SEARCH&iid=f7b5c9c3-b970-46e5-8c84-5bbaeb3932e1.ACCEQZYFUNPFR3UJ.SEARCH&ppt=sp&ppn=sp&qH=9b6bf0057c19bd94,₹169
Power Tempered Glass Guard for Mi Redmi Note 5,/power-tempered-glass-guard-mi-redmi-note-5/p/itmf2jg4yq48uwxa?pid=ACCF2JFDEEGF9HZK&srno=s_13_292&otracker=search&otracker1=search&lid=LSTACCF2JFDEEGF9HZKI7K2AN&fm=SEARCH&iid=d21c8bf6-d3e7-40d4-a9bf-e061c40bd970.ACCF2JFDEEGF9HZK.SEARCH&ppt=sp&ppn=sp&qH=9b6bf0057c19bd94,₹179
Furious3D Tempered Glass Guard for Mi Redmi Note 5,/furious3d-tempered-glass-guard-mi-redmi-note-5/p/itmf77zqsafz7pwz?pid=ACCF77E6Z8YYCYAP&srno=s_13_293&otracker=search&otracker1=search&lid=LSTACCF77E6Z8YYCYAPX8WMGT&fm=SEARCH&iid=d71a7c90-c5c7-4845-9c74-20f53d810bb6.ACCF77E6Z8YYCYAP.SEARCH&ppt=sp&ppn=sp&qH=9b6bf0057c19bd94,₹210
Furious3D Tempered Glass Guard for Mi Redmi Note 5,/furious3d-tempered-glass-guard-mi-redmi-note-5/p/itmf77fvr6znbnhu?pid=ACCF77E54QHNYKNP&srno=s_13_294&otracker=search&otracker1=search&lid=LSTACCF77E54QHNYKNPFTPZQP&fm=SEARCH&iid=58e02238-ba15-4812-8d50-da0affdbc555.ACCF77E54QHNYKNP.SEARCH&ppt=sp&ppn=sp&qH=9b6bf0057c19bd94,₹210
Furious3D Tempered Glass Guard for Mi Redmi 5,/furious3d-tempered-glass-guard-mi-redmi-5/p/itmf77fwyhr7z3tv?pid=ACCF77E57F43EHCB&srno=s_13_295&otracker=search&otracker1=search&lid=LSTACCF77E57F43EHCB0AVDZF&fm=SEARCH&iid=17f0d87b-4212-4e09-8042-a324f97c9d56.ACCF77E57F43EHCB.SEARCH&ppt=sp&ppn=sp&qH=9b6bf0057c19bd94,₹210
Aspir Tempered Glass Guard for Mi Redmi Note 4,/aspir-tempered-glass-guard-mi-redmi-note-4/p/itmenmhbunkhkt8x?pid=ACCENMHBGZBF7JYJ&srno=s_13_296&otracker=search&otracker1=search&lid=LSTACCENMHBGZBF7JYJAIQANV&fm=SEARCH&iid=38d6529b-12c4-48d1-92e0-c83766130f43.ACCENMHBGZBF7JYJ.SEARCH&ppt=sp&ppn=sp&qH=9b6bf0057c19bd94,₹197
Furious3D Tempered Glass Guard for Mi Redmi 5,/furious3d-tempered-glass-guard-mi-redmi-5/p/itmf77zqptrapkry?pid=ACCF77E65FV8GTZF&srno=s_13_297&otracker=search&otracker1=search&lid=LSTACCF77E65FV8GTZF4EBLLO&fm=SEARCH&iid=c1bcba22-9b85-4b1e-a820-6a8fe685f0b2.ACCF77E65FV8GTZF.SEARCH&ppt=sp&ppn=sp&qH=9b6bf0057c19bd94,₹210
Furious3D Tempered Glass Guard for Mi Redmi 6 pro,/furious3d-tempered-glass-guard-mi-redmi-6-pro/p/itmf8unyygqxg2an?pid=ACCF8U8DGPBZNAZC&srno=s_13_298&otracker=search&otracker1=search&lid=LSTACCF8U8DGPBZNAZCKDTWVR&fm=SEARCH&iid=ca238baf-9da2-41fc-9c6b-d116646f7753.ACCF8U8DGPBZNAZC.SEARCH&ppt=sp&ppn=sp&qH=9b6bf0057c19bd94,₹210
"techobucks EARPHONE FOR Xiaomi, MI,Redmi,Motorola,VIVO,Oppo,Micromax A007 Wired Headset with Mic",/techobucks-earphone-xiaomi-mi-redmi-motorola-vivo-oppo-micromax-a007-wired-headset-mic/p/itmf9qrz8y2gzss5?pid=ACCF9QRZ8GFA7H9G&srno=s_13_299&otracker=search&otracker1=search&lid=LSTACCF9QRZ8GFA7H9GJ6S2XX&fm=SEARCH&iid=eeaaa150-c9f0-4471-b8a7-a00d31a4db5e.ACCF9QRZ8GFA7H9G.SEARCH&ppt=sp&ppn=sp&qH=9b6bf0057c19bd94,₹275
Power Tempered Glass Guard for Mi Redmi Note 5,/power-tempered-glass-guard-mi-redmi-note-5/p/itmf2jg4phdqm22r?pid=ACCF2JFD8UZZUSCT&srno=s_13_300&otracker=search&otracker1=search&lid=LSTACCF2JFD8UZZUSCTWM9EOR&fm=SEARCH&iid=4000044b-d998-41ec-905e-fb85cd48ae5b.ACCF2JFD8UZZUSCT.SEARCH&ppt=sp&ppn=sp&qH=9b6bf0057c19bd94,₹179
Aspir Tempered Glass Guard for Mi Redmi 3S Plus,/aspir-tempered-glass-guard-mi-redmi-3s-plus/p/itmenmkfkxmaggyy?pid=ACCENMKFZZWNWMHM&srno=s_13_301&otracker=search&otracker1=search&lid=LSTACCENMKFZZWNWMHMWUO1ZT&fm=SEARCH&iid=d2958232-2e24-4008-9e72-949a76b5dfa7.ACCENMKFZZWNWMHM.SEARCH&ppt=sp&ppn=sp&qH=9b6bf0057c19bd94,₹197
Furious3D Tempered Glass Guard for Mi Redmi Note 5,/furious3d-tempered-glass-guard-mi-redmi-note-5/p/itmf77fwxc9eexha?pid=ACCF77E5ARBZTYYN&srno=s_13_302&otracker=search&otracker1=search&lid=LSTACCF77E5ARBZTYYNJUSUQV&fm=SEARCH&iid=d1267542-15f5-461e-bea2-612bd31259b8.ACCF77E5ARBZTYYN.SEARCH&ppt=sp&ppn=sp&qH=9b6bf0057c19bd94,₹210
Power Tempered Glass Guard for Mi Redmi Note 5,/power-tempered-glass-guard-mi-redmi-note-5/p/itmf2jg45cznzsan?pid=ACCF2JFEDBXRZUJW&srno=s_13_303&otracker=search&otracker1=search&lid=LSTACCF2JFEDBXRZUJWGIGYRS&fm=SEARCH&iid=15c19eee-f3e7-42d6-9785-e00cd40d3d91.ACCF2JFEDBXRZUJW.SEARCH&ppt=sp&ppn=sp&qH=9b6bf0057c19bd94,₹179
Power Tempered Glass Guard for Mi Redmi Y1,/power-tempered-glass-guard-mi-redmi-y1/p/itmf2bw642wcbfjw?pid=ACCF2BUE5GMZSWSW&srno=s_13_304&otracker=search&otracker1=search&lid=LSTACCF2BUE5GMZSWSWZSZMOW&fm=SEARCH&iid=76309088-eebc-4c4d-8a32-474f18f48b34.ACCF2BUE5GMZSWSW.SEARCH&ppt=sp&ppn=sp&qH=9b6bf0057c19bd94,₹179
Furious3D Tempered Glass Guard for Mi Redmi 5,/furious3d-tempered-glass-guard-mi-redmi-5/p/itmf77fydakzhghq?pid=ACCF77E5ZAAZBH93&srno=s_13_305&otracker=search&otracker1=search&lid=LSTACCF77E5ZAAZBH93SM25DK&fm=SEARCH&iid=83883731-3ca0-408e-aa92-cf5eed7f3282.ACCF77E5ZAAZBH93.SEARCH&ppt=sp&ppn=sp&qH=9b6bf0057c19bd94,₹210
Furious3D Tempered Glass Guard for Mi Redmi 5,/furious3d-tempered-glass-guard-mi-redmi-5/p/itmf77fyuzhdj3gw?pid=ACCF77E5SYMNJ9FK&srno=s_13_306&otracker=search&otracker1=search&lid=LSTACCF77E5SYMNJ9FKZIVLFE&fm=SEARCH&iid=9a9f0943-00b5-4779-a76e-d9526cd5d36a.ACCF77E5SYMNJ9FK.SEARCH&ppt=sp&ppn=sp&qH=9b6bf0057c19bd94,₹199
Furious3D Tempered Glass Guard for Mi Redmi 5,/furious3d-tempered-glass-guard-mi-redmi-5/p/itmf77zq329fhpd9?pid=ACCF77E6AWU47ZEV&srno=s_13_307&otracker=search&otracker1=search&lid=LSTACCF77E6AWU47ZEVGZI5Y4&fm=SEARCH&iid=ee3b7366-44ac-4d26-9347-c74868bfafcd.ACCF77E6AWU47ZEV.SEARCH&ppt=sp&ppn=sp&qH=9b6bf0057c19bd94,₹199
Power Tempered Glass Guard for Mi Redmi Note 5,/power-tempered-glass-guard-mi-redmi-note-5/p/itmf2jgdvrpzbg4z?pid=ACCF2JG9ZW8FMHGD&srno=s_13_308&otracker=search&otracker1=search&lid=LSTACCF2JG9ZW8FMHGDJY5R0M&fm=SEARCH&iid=eed0d15b-70fe-459a-8565-2e9112b2b9a7.ACCF2JG9ZW8FMHGD.SEARCH&ppt=sp&ppn=sp&qH=9b6bf0057c19bd94,₹179
Power Tempered Glass Guard for Mi Redmi Note 5,/power-tempered-glass-guard-mi-redmi-note-5/p/itmf2jm4hqf8jpzz?pid=ACCF2JFTWKCZCXH3&srno=s_13_309&otracker=search&otracker1=search&lid=LSTACCF2JFTWKCZCXH3B4SQ4D&fm=SEARCH&iid=a36fc4d8-6fb2-4ae3-a657-6d1cf412e2ee.ACCF2JFTWKCZCXH3.SEARCH&ppt=sp&ppn=sp&qH=9b6bf0057c19bd94,₹179
Furious3D Tempered Glass Guard for Mi Redmi 5,/furious3d-tempered-glass-guard-mi-redmi-5/p/itmf77zqxgztfe9k?pid=ACCF77E5XG5UF8CH&srno=s_13_310&otracker=search&otracker1=search&lid=LSTACCF77E5XG5UF8CH6L8JAZ&fm=SEARCH&iid=b0368dfe-7261-40ce-8a34-4562eab56e79.ACCF77E5XG5UF8CH.SEARCH&ppt=sp&ppn=sp&qH=9b6bf0057c19bd94,₹210
Furious3D Tempered Glass Guard for Mi Redmi 5,/furious3d-tempered-glass-guard-mi-redmi-5/p/itmf77fyf9sdyxh3?pid=ACCF77E5U29QZKGC&srno=s_13_311&otracker=search&otracker1=search&lid=LSTACCF77E5U29QZKGCLAPZEE&fm=SEARCH&iid=bc6cb7e6-d18d-4890-a2a9-b2a44cafcecb.ACCF77E5U29QZKGC.SEARCH&ppt=sp&ppn=sp&qH=9b6bf0057c19bd94,₹210
Power Tempered Glass Guard for Mi Redmi Note 5,/power-tempered-glass-guard-mi-redmi-note-5/p/itmf2jxdpfabdc9x?pid=ACCF2JFTCMRTYWJX&srno=s_13_312&otracker=search&otracker1=search&lid=LSTACCF2JFTCMRTYWJXKO3QQI&fm=SEARCH&iid=7dfb4ac8-2776-4aef-87fe-24a4b3b75d91.ACCF2JFTCMRTYWJX.SEARCH&ppt=sp&ppn=sp&qH=9b6bf0057c19bd94,₹179
Boxxo Tempered Glass Guard for Mi Redmi Note 4,/boxxo-tempered-glass-guard-mi-redmi-note-4/p/itmewkcuyupuuddx?pid=ACCEWKCUEPGMEZTX&srno=s_17_385&otracker=search&otracker1=search&lid=LSTACCEWKCUEPGMEZTXDVZFIQ&fm=SEARCH&ppt=sp&ppn=sp&qH=9b6bf0057c19bd94,₹239
Furious3D Tempered Glass Guard for Mi Redmi 5,/furious3d-tempered-glass-guard-mi-redmi-5/p/itmf77fwru5jyyga?pid=ACCF77E5TKUZFGVF&srno=s_17_386&otracker=search&otracker1=search&lid=LSTACCF77E5TKUZFGVFBELASL&fm=SEARCH&ppt=sp&ppn=sp&qH=9b6bf0057c19bd94,₹210
SHIELD Tempered Glass Guard for Mi Redmi Y1,/shield-tempered-glass-guard-mi-redmi-y1/p/itmf3gyqveevbugy?pid=ACCF3HWUFZHDEGMP&srno=s_17_387&otracker=search&otracker1=search&lid=LSTACCF3HWUFZHDEGMPFJQKKT&fm=SEARCH&ppt=sp&ppn=sp&qH=9b6bf0057c19bd94,₹179
Power Tempered Glass Guard for Mi Redmi Note 5,/power-tempered-glass-guard-mi-redmi-note-5/p/itmf2jg4vyn6tsmf?pid=ACCF2JFDMHGUYJYM&srno=s_17_388&otracker=search&otracker1=search&lid=LSTACCF2JFDMHGUYJYMRSDDZK&fm=SEARCH&ppt=sp&ppn=sp&qH=9b6bf0057c19bd94,₹179
SHIELD Tempered Glass Guard for Mi Redmi 3S,/shield-tempered-glass-guard-mi-redmi-3s/p/itmf2j4qbekakfq7?pid=ACCF2GGMVGXFBZZ8&srno=s_17_389&otracker=search&otracker1=search&lid=LSTACCF2GGMVGXFBZZ8COG4Q4&fm=SEARCH&ppt=sp&ppn=sp&qH=9b6bf0057c19bd94,₹179
Power Tempered Glass Guard for Mi Redmi Note 5,/power-tempered-glass-guard-mi-redmi-note-5/p/itmf2jm4gxx8ky5y?pid=ACCF2JFTVQDBUZGU&srno=s_17_390&otracker=search&otracker1=search&lid=LSTACCF2JFTVQDBUZGU2YHVNL&fm=SEARCH&ppt=sp&ppn=sp&qH=9b6bf0057c19bd94,₹179
Power Tempered Glass Guard for Mi Redmi Note 5,/power-tempered-glass-guard-mi-redmi-note-5/p/itmf2kktcuzbf4yv?pid=ACCF2KH7SWEKAN6D&srno=s_17_391&otracker=search&otracker1=search&lid=LSTACCF2KH7SWEKAN6DJZO1AM&fm=SEARCH&ppt=sp&ppn=sp&qH=9b6bf0057c19bd94,₹179
Efficia Tempered Glass Guard for Mi Redmi Note 4,/efficia-tempered-glass-guard-mi-redmi-note-4/p/itmewkcu6utpp8kn?pid=ACCEWKCUUD74BVUA&srno=s_17_392&otracker=search&otracker1=search&lid=LSTACCEWKCUUD74BVUANNS0YQ&fm=SEARCH&ppt=sp&ppn=sp&qH=9b6bf0057c19bd94,₹239
Power Tempered Glass Guard for Mi Redmi Note 5,/power-tempered-glass-guard-mi-redmi-note-5/p/itmf2jg4zvmfrptj?pid=ACCF2JFDYF4UCNNT&srno=s_17_393&otracker=search&otracker1=search&lid=LSTACCF2JFDYF4UCNNT1XLV9I&fm=SEARCH&ppt=sp&ppn=sp&qH=9b6bf0057c19bd94,₹179
"Power Tempered Glass Guard for Mi Redmi 5A, Mi Redmi Go",/power-tempered-glass-guard-mi-redmi-5a-go/p/itmffagdhxzukmer?pid=ACCFFA9BHWGVV9FV&srno=s_17_394&otracker=search&otracker1=search&lid=LSTACCFFA9BHWGVV9FV2HEJGD&fm=SEARCH&ppt=sp&ppn=sp&qH=9b6bf0057c19bd94,₹179
eCase Tempered Glass Guard for Mi Redmi 6,/ecase-tempered-glass-guard-mi-redmi-6/p/itmfapwktyfgvmdf?pid=ACCFAPTZUEBCXREX&srno=s_17_395&otracker=search&otracker1=search&lid=LSTACCFAPTZUEBCXREX04FPDG&fm=SEARCH&ppt=sp&ppn=sp&qH=9b6bf0057c19bd94,₹149
Glasgow Tempered Glass Guard for Mi Redmi Note 4,/glasgow-tempered-glass-guard-mi-redmi-note-4/p/itmewkcvfeczahsw?pid=ACCEWKCVDQWNHEHZ&srno=s_17_396&otracker=search&otracker1=search&lid=LSTACCEWKCVDQWNHEHZ3HEEFW&fm=SEARCH&ppt=sp&ppn=sp&qH=9b6bf0057c19bd94,₹239
Power Tempered Glass Guard for Mi Redmi 5,/power-tempered-glass-guard-mi-redmi-5/p/itmfdczxahxgcaje?pid=ACCFDBHMKAZDUWHE&srno=s_17_397&otracker=search&otracker1=search&lid=LSTACCFDBHMKAZDUWHEQCQZ87&fm=SEARCH&ppt=sp&ppn=sp&qH=9b6bf0057c19bd94,₹169
Efficia Tempered Glass Guard for Mi Redmi Note 4,/efficia-tempered-glass-guard-mi-redmi-note-4/p/itmewkcuzzgb78yt?pid=ACCEWKCUBKP2KTWR&srno=s_17_398&otracker=search&otracker1=search&lid=LSTACCEWKCUBKP2KTWRAEPPDU&fm=SEARCH&ppt=sp&ppn=sp&qH=9b6bf0057c19bd94,₹239
KMP POWER Tempered Glass Guard for Mi Redmi 4,/kmp-power-tempered-glass-guard-mi-redmi-4/p/itmffrtadhtagytk?pid=ACCFFRAN8XNNCFZN&srno=s_17_399&otracker=search&otracker1=search&lid=LSTACCFFRAN8XNNCFZNY1F0UG&fm=SEARCH&ppt=sp&ppn=sp&qH=9b6bf0057c19bd94,₹169
Power Tempered Glass Guard for Mi Redmi Note 5,/power-tempered-glass-guard-mi-redmi-note-5/p/itmf2jg4992gztnt?pid=ACCF2JFDPE9C4FBQ&srno=s_17_400&otracker=search&otracker1=search&lid=LSTACCF2JFDPE9C4FBQBOXFFF&fm=SEARCH&ppt=sp&ppn=sp&qH=9b6bf0057c19bd94,₹179
Power Tempered Glass Guard for Mi Redmi 3S Prime,/power-tempered-glass-guard-mi-redmi-3s-prime/p/itmf2fdu6eznef5p?pid=ACCF2FAQGZGY3QJK&srno=s_17_401&otracker=search&otracker1=search&lid=LSTACCF2FAQGZGY3QJK8W3WUU&fm=SEARCH&ppt=sp&ppn=sp&qH=9b6bf0057c19bd94,₹179
Power Tempered Glass Guard for Mi Redmi Note 5,/power-tempered-glass-guard-mi-redmi-note-5/p/itmf6nn7kbt6ap4h?pid=ACCF6NKVTMGPUHZE&srno=s_17_402&otracker=search&otracker1=search&lid=LSTACCF6NKVTMGPUHZEL4ITAA&fm=SEARCH&ppt=sp&ppn=sp&qH=9b6bf0057c19bd94,₹179
Power Tempered Glass Guard for Mi Redmi 3S Prime,/power-tempered-glass-guard-mi-redmi-3s-prime/p/itmfffswrugfzgux?pid=ACCFFFPRVKBCBPYW&srno=s_17_403&otracker=search&otracker1=search&lid=LSTACCFFFPRVKBCBPYWMHYBAN&fm=SEARCH&ppt=sp&ppn=sp&qH=9b6bf0057c19bd94,₹179
BigChoice Tempered Glass Guard for Mi Redmi 3S,/bigchoice-tempered-glass-guard-mi-redmi-3s/p/itmeqzyz6rdfnzru?pid=ACCEQZYZEYMBHGBF&srno=s_17_404&otracker=search&otracker1=search&lid=LSTACCEQZYZEYMBHGBFZ736K0&fm=SEARCH&ppt=sp&ppn=sp&qH=9b6bf0057c19bd94,₹169
Power Tempered Glass Guard for Mi Redmi Note 5,/power-tempered-glass-guard-mi-redmi-note-5/p/itmf2jtk7gwfzsme?pid=ACCF2JJ985HGD55P&srno=s_17_405&otracker=search&otracker1=search&lid=LSTACCF2JJ985HGD55PRUEAZL&fm=SEARCH&ppt=sp&ppn=sp&qH=9b6bf0057c19bd94,₹179
Furious3D Tempered Glass Guard for Mi Redmi Note 5,/furious3d-tempered-glass-guard-mi-redmi-note-5/p/itmf77fwffgjgpuw?pid=ACCF77E6H3EBXMZN&srno=s_17_406&otracker=search&otracker1=search&lid=LSTACCF77E6H3EBXMZNP5XHFZ&fm=SEARCH&ppt=sp&ppn=sp&qH=9b6bf0057c19bd94,₹210
Boxxo Tempered Glass Guard for Mi Redmi Note 4,/boxxo-tempered-glass-guard-mi-redmi-note-4/p/itmewkcuhg4ykryw?pid=ACCEWKCUDHSKM6GS&srno=s_17_407&otracker=search&otracker1=search&lid=LSTACCEWKCUDHSKM6GS0NQGW2&fm=SEARCH&ppt=sp&ppn=sp&qH=9b6bf0057c19bd94,₹239
KMP POWER Tempered Glass Guard for Mi Redmi Y1,/kmp-power-tempered-glass-guard-mi-redmi-y1/p/itmferfrfpmbynwy?pid=ACCFERYWGTJFJCH7&srno=s_17_408&otracker=search&otracker1=search&lid=LSTACCFERYWGTJFJCH7NIBHDY&fm=SEARCH&ppt=sp&ppn=sp&qH=9b6bf0057c19bd94,₹169
Power Tempered Glass Guard for Mi Redmi Note 5,/power-tempered-glass-guard-mi-redmi-note-5/p/itmf2jghfvxmkvgd?pid=ACCF2JEVX3PSZ3XG&srno=s_19_433&otracker=search&otracker1=search&lid=LSTACCF2JEVX3PSZ3XGRYMBEY&fm=SEARCH&iid=88ab22f7-6b71-470f-9442-cab72553f565.ACCF2JEVX3PSZ3XG.SEARCH&ppt=sp&ppn=sp&qH=9b6bf0057c19bd94,₹179
Power Tempered Glass Guard for Mi Redmi Note 5,/power-tempered-glass-guard-mi-redmi-note-5/p/itmf2jg4dy8zk92m?pid=ACCF2JFDH3SR7JBY&srno=s_19_434&otracker=search&otracker1=search&lid=LSTACCF2JFDH3SR7JBY0IA9HT&fm=SEARCH&iid=ce55b9c5-a1dc-4018-b4e9-043e9866b3f9.ACCF2JFDH3SR7JBY.SEARCH&ppt=sp&ppn=sp&qH=9b6bf0057c19bd94,₹179
Efficia Tempered Glass Guard for Mi Redmi Note 4,/efficia-tempered-glass-guard-mi-redmi-note-4/p/itmewkcvjbggbyzy?pid=ACCEWKCVVGJP96YG&srno=s_19_435&otracker=search&otracker1=search&lid=LSTACCEWKCVVGJP96YGTSYV5L&fm=SEARCH&iid=623b03b4-40a5-4207-82cd-ef380aa60cce.ACCEWKCVVGJP96YG.SEARCH&ppt=sp&ppn=sp&qH=9b6bf0057c19bd94,₹239
Boxxo Tempered Glass Guard for Mi Redmi Note 4,/boxxo-tempered-glass-guard-mi-redmi-note-4/p/itmewkcuhg4ykryw?pid=ACCEWKCUDHSKM6GS&srno=s_19_436&otracker=search&otracker1=search&lid=LSTACCEWKCUDHSKM6GS0NQGW2&fm=SEARCH&iid=003ba80b-c107-4e2b-be29-b55f4fdbc66d.ACCEWKCUDHSKM6GS.SEARCH&ppt=sp&ppn=sp&qH=9b6bf0057c19bd94,₹239
Efficia Tempered Glass Guard for Mi Redmi Note 4,/efficia-tempered-glass-guard-mi-redmi-note-4/p/itmewkcugdxx68ju?pid=ACCEWKCUYHMCGZVP&srno=s_19_437&otracker=search&otracker1=search&lid=LSTACCEWKCUYHMCGZVPTLTKKE&fm=SEARCH&iid=9496a781-859b-4119-beb4-99d98d39247a.ACCEWKCUYHMCGZVP.SEARCH&ppt=sp&ppn=sp&qH=9b6bf0057c19bd94,₹239
Boxxo Tempered Glass Guard for Mi Redmi Note 4,/boxxo-tempered-glass-guard-mi-redmi-note-4/p/itmewkcuyupuuddx?pid=ACCEWKCUEPGMEZTX&srno=s_19_438&otracker=search&otracker1=search&lid=LSTACCEWKCUEPGMEZTXDVZFIQ&fm=SEARCH&iid=6bbca4d3-37fe-41e0-a7e3-6c0a27fabfa6.ACCEWKCUEPGMEZTX.SEARCH&ppt=sp&ppn=sp&qH=9b6bf0057c19bd94,₹239
BigChoice Tempered Glass Guard for Mi Redmi 3S,/bigchoice-tempered-glass-guard-mi-redmi-3s/p/itmeqzymwu8f4xmq?pid=ACCEQZYMFXZH22RW&srno=s_19_439&otracker=search&otracker1=search&lid=LSTACCEQZYMFXZH22RWOBWLZP&fm=SEARCH&iid=39a9e1b2-7ad3-4b8a-8292-3ecb3a39e1b7.ACCEQZYMFXZH22RW.SEARCH&ppt=sp&ppn=sp&qH=9b6bf0057c19bd94,₹169
Power Tempered Glass Guard for Mi Redmi Note 5,/power-tempered-glass-guard-mi-redmi-note-5/p/itmf2jg4zvmfrptj?pid=ACCF2JFDYF4UCNNT&srno=s_19_440&otracker=search&otracker1=search&lid=LSTACCF2JFDYF4UCNNT1XLV9I&fm=SEARCH&iid=f5935f19-b18e-4b7b-ab17-29bf591b6c43.ACCF2JFDYF4UCNNT.SEARCH&ppt=sp&ppn=sp&qH=9b6bf0057c19bd94,₹179
SHIELD Tempered Glass Guard for Mi Redmi 5,/shield-tempered-glass-guard-mi-redmi-5/p/itmf747gg57ghg7j?pid=ACCF743RVFEAXZVE&srno=s_19_441&otracker=search&otracker1=search&lid=LSTACCF743RVFEAXZVEHJ91ZX&fm=SEARCH&iid=a25cad9b-b246-4811-abd4-21500185bfc6.ACCF743RVFEAXZVE.SEARCH&ppt=sp&ppn=sp&qH=9b6bf0057c19bd94,₹179
FOSO Tempered Glass Guard for Mi Redmi 3S,/foso-tempered-glass-guard-mi-redmi-3s/p/itmehq6hyzjt45tx?pid=ACCEHQ6HHMUAXGQD&srno=s_19_442&otracker=search&otracker1=search&lid=LSTACCEHQ6HHMUAXGQDTY6LT3&fm=SEARCH&iid=2985d2ae-ffaf-4080-b7f4-06d6a073d7c6.ACCEHQ6HHMUAXGQD.SEARCH&ppt=sp&ppn=sp&qH=9b6bf0057c19bd94,₹299
Glasgow Tempered Glass Guard for Mi Redmi Note 4,/glasgow-tempered-glass-guard-mi-redmi-note-4/p/itmewkcvfeczahsw?pid=ACCEWKCVDQWNHEHZ&srno=s_19_443&otracker=search&otracker1=search&lid=LSTACCEWKCVDQWNHEHZ3HEEFW&fm=SEARCH&iid=ab96bcf9-61c4-409b-997a-e18e85e2e5df.ACCEWKCVDQWNHEHZ.SEARCH&ppt=sp&ppn=sp&qH=9b6bf0057c19bd94,₹239
"Power Tempered Glass Guard for Mi Redmi 5A, Mi Redmi Go",/power-tempered-glass-guard-mi-redmi-5a-go/p/itmffagdhxzukmer?pid=ACCFFA9BHWGVV9FV&srno=s_19_444&otracker=search&otracker1=search&lid=LSTACCFFA9BHWGVV9FV2HEJGD&fm=SEARCH&iid=249769e6-4afc-4730-a647-a601bbf55260.ACCFFA9BHWGVV9FV.SEARCH&ppt=sp&ppn=sp&qH=9b6bf0057c19bd94,₹179
eCase Tempered Glass Guard for Mi Redmi 6 pro,/ecase-tempered-glass-guard-mi-redmi-6-pro/p/itmfapwknr8eyaaq?pid=ACCFAPTZJ5VMJVXF&srno=s_19_445&otracker=search&otracker1=search&lid=LSTACCFAPTZJ5VMJVXFXNJTPR&fm=SEARCH&iid=6c2fe032-e2a7-4915-89f1-9860f18e16eb.ACCFAPTZJ5VMJVXF.SEARCH&ppt=sp&ppn=sp&qH=9b6bf0057c19bd94,₹149
Power Tempered Glass Guard for Mi Redmi Note 5,/power-tempered-glass-guard-mi-redmi-note-5/p/itmf2kktqz5grzzp?pid=ACCF2KH6SEFU24RB&srno=s_19_446&otracker=search&otracker1=search&lid=LSTACCF2KH6SEFU24RBBALKSB&fm=SEARCH&iid=619f606c-3bad-49a3-b5fa-03e15ceb585b.ACCF2KH6SEFU24RB.SEARCH&ppt=sp&ppn=sp&qH=9b6bf0057c19bd94,₹179
Power Tempered Glass Guard for Mi Redmi Note 5,/power-tempered-glass-guard-mi-redmi-note-5/p/itmf2jm4gxx8ky5y?pid=ACCF2JFTVQDBUZGU&srno=s_19_447&otracker=search&otracker1=search&lid=LSTACCF2JFTVQDBUZGU2YHVNL&fm=SEARCH&iid=114c73df-26b6-44cf-927a-a50f42348ced.ACCF2JFTVQDBUZGU.SEARCH&ppt=sp&ppn=sp&qH=9b6bf0057c19bd94,₹179
Power Tempered Glass Guard for Mi Redmi Note 5,/power-tempered-glass-guard-mi-redmi-note-5/p/itmf2jj8f6nahhzz?pid=ACCF2JH3FRZ8Z5PN&srno=s_19_448&otracker=search&otracker1=search&lid=LSTACCF2JH3FRZ8Z5PNMYTD34&fm=SEARCH&iid=04506cde-69c2-43ea-941f-0e76a6ee9a27.ACCF2JH3FRZ8Z5PN.SEARCH&ppt=sp&ppn=sp&qH=9b6bf0057c19bd94,₹179
Power Tempered Glass Guard for Mi Redmi Note 5,/power-tempered-glass-guard-mi-redmi-note-5/p/itmf2jtk7gwfzsme?pid=ACCF2JJ985HGD55P&srno=s_19_449&otracker=search&otracker1=search&lid=LSTACCF2JJ985HGD55PRUEAZL&fm=SEARCH&iid=a6f3dfb0-9888-4812-9782-c28bc415f5a4.ACCF2JJ985HGD55P.SEARCH&ppt=sp&ppn=sp&qH=9b6bf0057c19bd94,₹179
Power Tempered Glass Guard for Mi Redmi Note 5,/power-tempered-glass-guard-mi-redmi-note-5/p/itmf2js7vvydbkyy?pid=ACCF2JHNHPURJRQZ&srno=s_19_450&otracker=search&otracker1=search&lid=LSTACCF2JHNHPURJRQZ0VDU9E&fm=SEARCH&iid=fc91f475-7f74-4730-8d33-60ddc9557930.ACCF2JHNHPURJRQZ.SEARCH&ppt=sp&ppn=sp&qH=9b6bf0057c19bd94,₹179
Power Tempered Glass Guard for Mi Redmi Note 5,/power-tempered-glass-guard-mi-redmi-note-5/p/itmfdczxtbgqxgba?pid=ACCFDBHHYFPZJFEH&srno=s_19_451&otracker=search&otracker1=search&lid=LSTACCFDBHHYFPZJFEHJETM8G&fm=SEARCH&iid=221002a0-c9b8-4b36-b42f-cfec615eeda6.ACCFDBHHYFPZJFEH.SEARCH&ppt=sp&ppn=sp&qH=9b6bf0057c19bd94,₹169
SHIELD Tempered Glass Guard for Mi Redmi 4A,/shield-tempered-glass-guard-mi-redmi-4a/p/itmf24duyyz5hhsz?pid=ACCF24BW9AZVWGGU&srno=s_19_452&otracker=search&otracker1=search&lid=LSTACCF24BW9AZVWGGUJXBIO2&fm=SEARCH&iid=f621fa5c-b5e1-46c0-b524-55c2ee5d90da.ACCF24BW9AZVWGGU.SEARCH&ppt=sp&ppn=sp&qH=9b6bf0057c19bd94,₹179
Power Tempered Glass Guard for Mi Redmi Note 5,/power-tempered-glass-guard-mi-redmi-note-5/p/itmf2jj8zznjjynt?pid=ACCF2JH2MDNUPC6A&srno=s_19_453&otracker=search&otracker1=search&lid=LSTACCF2JH2MDNUPC6AUXYONV&fm=SEARCH&iid=3896a17b-d827-4e99-a9e4-9129fc740714.ACCF2JH2MDNUPC6A.SEARCH&ppt=sp&ppn=sp&qH=9b6bf0057c19bd94,₹179
Power Tempered Glass Guard for Mi Redmi 3S,/power-tempered-glass-guard-mi-redmi-3s/p/itmf3ghuhupzpuhf?pid=ACCF3G5G6ZWQZEF7&srno=s_19_454&otracker=search&otracker1=search&lid=LSTACCF3G5G6ZWQZEF7NT5XF7&fm=SEARCH&iid=2d0d6a3b-91a0-4679-964d-b5f1e0fa4aec.ACCF3G5G6ZWQZEF7.SEARCH&ppt=sp&ppn=sp&qH=9b6bf0057c19bd94,₹179
Power Tempered Glass Guard for Mi Redmi Note 5,/power-tempered-glass-guard-mi-redmi-note-5/p/itmf2kkt5g7hgmpv?pid=ACCF2KH6QGJCUWJD&srno=s_19_455&otracker=search&otracker1=search&lid=LSTACCF2KH6QGJCUWJDSNMKCY&fm=SEARCH&iid=32607f48-c95b-4bcc-9d14-b9cd8f02ab33.ACCF2KH6QGJCUWJD.SEARCH&ppt=sp&ppn=sp&qH=9b6bf0057c19bd94,₹179
Boxxo Tempered Glass Guard for Mi Redmi Note 4,/boxxo-tempered-glass-guard-mi-redmi-note-4/p/itmewkcuzctnbtzc?pid=ACCEWKCU6BSY3G4X&srno=s_19_456&otracker=search&otracker1=search&lid=LSTACCEWKCU6BSY3G4XWCUHIR&fm=SEARCH&iid=1ef51f75-d63b-4de9-8a32-07422ea41a96.ACCEWKCU6BSY3G4X.SEARCH&ppt=sp&ppn=sp&qH=9b6bf0057c19bd94,₹239
Power Tempered Glass Guard for Mi Redmi Note 5 Pro,/power-tempered-glass-guard-mi-redmi-note-5-pro/p/itmf2n45khhdqgg3?pid=ACCF2MZ6ZGFFA7FK&srno=s_23_529&otracker=search&otracker1=search&lid=LSTACCF2MZ6ZGFFA7FK8BOCAK&fm=SEARCH&iid=c7784551-b75c-4e4b-8bf9-f8558c04b240.ACCF2MZ6ZGFFA7FK.SEARCH&ppt=sp&ppn=sp&qH=9b6bf0057c19bd94,₹179
Power Tempered Glass Guard for Mi Redmi Note 5 Pro,/power-tempered-glass-guard-mi-redmi-note-5-pro/p/itmf2mw2hsftswyj?pid=ACCF2MTZHNBBTGKZ&srno=s_23_530&otracker=search&otracker1=search&lid=LSTACCF2MTZHNBBTGKZZGOXUY&fm=SEARCH&iid=3fd6b565-ac0a-4878-a973-bda4636a3f3f.ACCF2MTZHNBBTGKZ.SEARCH&ppt=sp&ppn=sp&qH=9b6bf0057c19bd94,₹179
Power Tempered Glass Guard for Mi Redmi Y1,/power-tempered-glass-guard-mi-redmi-y1/p/itmf2fdu8mbxenye?pid=ACCF2FAQVMSYQVAG&srno=s_23_531&otracker=search&otracker1=search&lid=LSTACCF2FAQVMSYQVAGIN0ADP&fm=SEARCH&iid=4ca076a0-65ab-407c-988d-911168669985.ACCF2FAQVMSYQVAG.SEARCH&ppt=sp&ppn=sp&qH=9b6bf0057c19bd94,₹179
Boxxo Tempered Glass Guard for Mi Redmi Note 4,/boxxo-tempered-glass-guard-mi-redmi-note-4/p/itmewkcvzdda7em6?pid=ACCEWKCVTEZ2JMCD&srno=s_23_532&otracker=search&otracker1=search&lid=LSTACCEWKCVTEZ2JMCDNM7KJ0&fm=SEARCH&iid=c576e62c-3673-4312-a075-c112bc2f8738.ACCEWKCVTEZ2JMCD.SEARCH&ppt=sp&ppn=sp&qH=9b6bf0057c19bd94,₹239
